{"cameraMode":{"drawMode":0,"name":"Shaded","section":"Shading Mode"},"sceneLighting":false,"audioPlay":false,"sceneViewState":{"showFog":true,"showMaterialUpdate":false,"showSkybox":false,"showFlares":true,"showImageEffects":true,"showParticleSystems":true,"showVisualEffectGraphs":true,"m_FxEnabled":true},"in2DMode":false,"pivot":{"x":-0.0000057220458984375,"y":-0.0000040531158447265628,"z":0.01991128921508789},"rotation":{"x":0.05651809275150299,"y":0.9425365328788757,"z":-0.21008634567260743,"w":0.2535639703273773},"size":8.02593994140625,"orthographic":false}