{"cameraMode":{"drawMode":0,"name":"Shaded","section":"Shading Mode"},"sceneLighting":false,"audioPlay":false,"sceneViewState":{"showFog":true,"showMaterialUpdate":false,"showSkybox":false,"showFlares":true,"showImageEffects":true,"showParticleSystems":true,"showVisualEffectGraphs":true,"m_FxEnabled":true},"in2DMode":false,"pivot":{"x":-2.384185791015625e-7,"y":0.002436041831970215,"z":0.008271217346191407},"rotation":{"x":0.05651809275150299,"y":0.9425365328788757,"z":-0.21008634567260743,"w":0.2535639703273773},"size":8.151511192321778,"orthographic":false}