{"cameraMode":{"drawMode":0,"name":"Shaded","section":"Shading Mode"},"sceneLighting":false,"audioPlay":false,"sceneViewState":{"showFog":true,"showMaterialUpdate":false,"showSkybox":false,"showFlares":true,"showImageEffects":true,"showParticleSystems":true,"showVisualEffectGraphs":true,"m_FxEnabled":true},"in2DMode":false,"pivot":{"x":-0.2191700041294098,"y":0.24274152517318726,"z":0.03899788856506348},"rotation":{"x":-0.06444953382015228,"y":-0.013471589423716069,"z":-0.0008700879407115281,"w":0.9978306293487549},"size":0.6073950529098511,"orthographic":true}