{"cameraMode":{"drawMode":0,"name":"Shaded","section":"Shading Mode"},"sceneLighting":true,"audioPlay":false,"sceneViewState":{"showFog":true,"showMaterialUpdate":false,"showSkybox":true,"showFlares":true,"showImageEffects":true,"showParticleSystems":true,"showVisualEffectGraphs":true,"m_FxEnabled":true},"in2DMode":false,"pivot":{"x":359.0704040527344,"y":215.9049835205078,"z":9.67846393585205},"rotation":{"x":-0.03149466961622238,"y":-0.002998508047312498,"z":-0.00009448425407754257,"w":0.9994996190071106},"size":189.20916748046876,"orthographic":false}