{"cameraMode":{"drawMode":0,"name":"Shaded","section":"Shading Mode"},"sceneLighting":false,"audioPlay":false,"sceneViewState":{"showFog":true,"showMaterialUpdate":false,"showSkybox":false,"showFlares":true,"showImageEffects":true,"showParticleSystems":true,"showVisualEffectGraphs":true,"m_FxEnabled":true},"in2DMode":false,"pivot":{"x":-0.0000011920928955078126,"y":-0.002230525016784668,"z":0.0007255077362060547},"rotation":{"x":0.05651809275150299,"y":0.9425365328788757,"z":-0.21008634567260743,"w":0.2535639703273773},"size":7.3523077964782719,"orthographic":false}